ID;CREATION_DATE;CUSTOMER_ID;RESTAURANT_ID
0;2017-04-03 14:20:15;23;0
1;2017-04-03 14:53:05;27;0
2;2017-04-03 15:12:46;13;0
3;2017-04-03 15:37:59;41;0
4;2017-04-03 16:33:16;23;0
5;2017-04-03 16:40:26;22;0
6;2017-04-03 16:41:27;17;0
7;2017-04-03 17:34:02;38;0
8;2017-04-03 19:42:52;55;0
9;2017-04-03 20:02:48;55;0
10;2017-04-03 20:45:33;58;0
11;2017-04-03 20:47:17;58;0
12;2017-04-04 08:21:59;80;0
13;2017-04-04 10:06:02;17;0
14;2017-04-04 10:36:20;1;0
15;2017-04-04 11:13:01;56;0
16;2017-04-04 12:58:31;13;0
17;2017-04-04 14:40:59;38;1
18;2017-04-04 15:03:25;84;1
19;2017-04-04 15:24:28;34;0
20;2017-04-04 15:48:47;22;1
21;2017-04-04 16:54:19;79;1
22;2017-04-04 17:04:28;79;0
23;2017-04-04 17:12:30;1;1
24;2017-04-04 19:09:22;38;1
25;2017-04-04 19:27:59;115;1
26;2017-04-04 19:48:39;100;1
27;2017-04-04 21:41:15;119;1
28;2017-04-04 21:50:53;41;1
29;2017-04-04 21:54:47;27;1
30;2017-04-04 22:17:59;20;1
31;2017-04-04 22:30:15;17;1
32;2017-04-04 22:32:20;7;1
33;2017-04-04 22:58:56;2;1
34;2017-04-05 09:02:05;2;0
35;2017-04-05 10:03:27;22;0
36;2017-04-05 10:04:45;48;0
37;2017-04-05 10:10:22;149;0
38;2017-04-05 11:25:59;81;0
39;2017-04-05 12:03:54;123;3
40;2017-04-05 13:00:42;55;1
41;2017-04-05 13:02:55;73;3
42;2017-04-05 13:57:35;1;1
43;2017-04-05 14:19:38;115;1
44;2017-04-05 14:30:26;15;2
45;2017-04-05 14:33:13;1;0
46;2017-04-05 15:00:27;167;1
47;2017-04-05 15:08:08;26;2
48;2017-04-05 15:21:05;65;3
49;2017-04-05 16:09:19;134;2
50;2017-04-05 17:21:47;58;1
51;2017-04-05 17:24:17;150;2
52;2017-04-05 17:32:27;83;3
53;2017-04-05 17:36:21;145;2
54;2017-04-05 17:38:44;153;0
55;2017-04-05 18:09:01;97;3
56;2017-04-05 18:35:44;131;2
57;2017-04-05 18:38:57;50;3
58;2017-04-05 18:52:13;102;2
59;2017-04-05 18:54:48;3;3
60;2017-04-05 19:13:50;74;0
61;2017-04-05 19:14:10;119;1
62;2017-04-05 19:28:51;169;2
63;2017-04-05 19:44:51;160;2
64;2017-04-05 19:52:54;81;1
65;2017-04-05 20:29:35;102;2
66;2017-04-05 21:10:28;161;1
67;2017-04-05 21:51:18;124;1
68;2017-04-05 22:19:23;88;2
69;2017-04-05 22:43:52;81;1
70;2017-04-05 22:57:28;113;1
71;2017-04-06 09:20:17;85;0
72;2017-04-06 09:37:27;159;0
73;2017-04-06 09:39:34;119;0
74;2017-04-06 09:59:16;95;0
75;2017-04-06 10:58:37;148;0
76;2017-04-06 12:01:00;112;1
77;2017-04-06 12:18:32;17;1
78;2017-04-06 13:16:43;113;1
79;2017-04-06 13:23:46;203;3
80;2017-04-06 13:26:34;41;0
81;2017-04-06 13:36:06;131;2
82;2017-04-06 14:17:55;190;4
83;2017-04-06 14:29:04;114;3
84;2017-04-06 14:36:20;85;1
85;2017-04-06 15:03:15;5;2
86;2017-04-06 15:47:17;76;2
87;2017-04-06 15:57:47;12;1
88;2017-04-06 15:59:39;38;0
89;2017-04-06 16:12:00;53;2
90;2017-04-06 16:16:43;159;4
91;2017-04-06 16:24:54;77;3
92;2017-04-06 17:19:16;42;2
93;2017-04-06 17:24:14;58;1
94;2017-04-06 17:57:43;147;4
95;2017-04-06 18:04:48;59;2
96;2017-04-06 18:25:29;204;0
97;2017-04-06 18:38:48;129;4
98;2017-04-06 19:47:46;24;3
99;2017-04-06 21:58:14;60;2
100;2017-04-06 22:07:21;41;4
101;2017-04-06 22:15:16;168;2
102;2017-04-06 22:15:38;29;2
103;2017-04-07 08:13:40;85;0
104;2017-04-07 08:18:57;81;0
105;2017-04-07 08:49:19;2;0
106;2017-04-07 09:28:25;191;0
107;2017-04-07 09:53:19;101;0
108;2017-04-07 10:31:14;235;0
109;2017-04-07 11:23:44;84;0
110;2017-04-07 11:29:02;256;0
111;2017-04-07 11:38:46;209;0
112;2017-04-07 11:56:04;12;0
113;2017-04-07 12:16:28;88;5
114;2017-04-07 12:32:09;132;1
115;2017-04-07 13:02:44;149;0
116;2017-04-07 13:14:54;18;7
117;2017-04-07 13:55:56;146;1
118;2017-04-07 14:05:39;185;1
119;2017-04-07 14:22:54;245;7
120;2017-04-07 15:59:52;224;0
121;2017-04-07 17:02:10;75;5
122;2017-04-07 17:03:18;18;5
123;2017-04-07 18:07:46;238;2
124;2017-04-07 18:14:34;151;3
125;2017-04-07 18:14:54;194;4
126;2017-04-07 18:17:05;43;3
127;2017-04-07 18:23:26;88;3
128;2017-04-07 18:40:01;33;7
129;2017-04-07 18:49:25;73;2
130;2017-04-07 19:01:55;222;1
131;2017-04-07 19:56:05;249;4
132;2017-04-07 19:59:14;204;0
133;2017-04-07 20:56:41;133;1
134;2017-04-07 21:01:52;200;4
135;2017-04-07 21:14:04;251;2
136;2017-04-07 22:06:35;287;6
137;2017-04-07 22:15:42;266;6
138;2017-04-07 22:37:34;172;2
139;2017-04-07 22:58:05;127;2
140;2017-04-08 08:50:57;295;0
141;2017-04-08 09:20:18;69;7
142;2017-04-08 09:36:28;3;7
143;2017-04-08 10:02:39;301;0
144;2017-04-08 10:22:05;265;7
145;2017-04-08 10:24:19;211;7
146;2017-04-08 10:38:45;35;0
147;2017-04-08 10:49:35;225;7
148;2017-04-08 10:56:29;183;8
149;2017-04-08 12:03:22;323;1
150;2017-04-08 12:20:29;333;3
151;2017-04-08 12:29:10;141;1
152;2017-04-08 12:55:58;126;3
153;2017-04-08 13:10:39;30;0
154;2017-04-08 13:40:51;227;0
155;2017-04-08 13:50:57;227;1
156;2017-04-08 13:52:31;42;6
157;2017-04-08 14:13:46;257;6
158;2017-04-08 14:51:23;255;0
159;2017-04-08 14:54:20;146;4
160;2017-04-08 15:05:42;75;5
161;2017-04-08 15:07:53;127;6
162;2017-04-08 15:20:41;199;4
163;2017-04-08 15:33:54;134;2
164;2017-04-08 15:54:24;170;0
165;2017-04-08 15:59:33;29;6
166;2017-04-08 16:28:46;75;7
167;2017-04-08 16:34:59;204;4
168;2017-04-08 16:47:30;266;7
169;2017-04-08 17:32:57;188;6
170;2017-04-08 17:35:18;50;5
171;2017-04-08 18:29:13;37;6
172;2017-04-08 18:49:49;107;1
173;2017-04-08 18:51:44;146;0
174;2017-04-08 19:01:14;148;4
175;2017-04-08 19:25:49;56;0
176;2017-04-08 19:29:22;185;0
177;2017-04-08 19:41:23;162;4
178;2017-04-08 20:20:01;87;6
179;2017-04-08 20:22:53;217;4
180;2017-04-08 20:25:26;203;2
181;2017-04-08 20:40:15;342;7
182;2017-04-08 21:05:49;85;4
183;2017-04-08 21:23:14;342;2
184;2017-04-08 21:26:26;175;4
185;2017-04-08 21:33:36;186;4
186;2017-04-08 22:06:13;96;2
187;2017-04-08 22:19:25;177;6
188;2017-04-08 22:36:37;362;1
189;2017-04-08 22:38:42;291;6
190;2017-04-09 08:11:28;343;7
191;2017-04-09 08:16:41;16;7
192;2017-04-09 08:17:43;7;0
193;2017-04-09 08:29:57;187;8
194;2017-04-09 08:37:41;292;7
195;2017-04-09 08:39:28;385;7
196;2017-04-09 08:52:08;9;0
197;2017-04-09 08:57:25;289;0
198;2017-04-09 08:59:22;191;0
199;2017-04-09 09:04:05;246;8
200;2017-04-09 09:12:28;57;7
201;2017-04-09 09:25:37;295;0
202;2017-04-09 09:43:15;103;0
203;2017-04-09 09:49:37;120;7
204;2017-04-09 09:54:47;233;8
205;2017-04-09 10:03:36;112;0
206;2017-04-09 10:45:50;161;0
207;2017-04-09 11:07:08;102;7
208;2017-04-09 11:11:12;105;7
209;2017-04-09 11:17:55;299;0
210;2017-04-09 12:24:50;361;9
211;2017-04-09 12:51:24;9;1
212;2017-04-09 13:08:32;27;4
213;2017-04-09 13:10:42;166;3
214;2017-04-09 13:14:10;309;1
215;2017-04-09 13:31:43;112;9
216;2017-04-09 13:54:43;66;6
217;2017-04-09 13:57:19;112;4
218;2017-04-09 14:53:42;132;4
219;2017-04-09 15:16:35;207;7
220;2017-04-09 15:27:52;196;2
221;2017-04-09 15:37:35;185;1
222;2017-04-09 15:50:52;107;9
223;2017-04-09 16:08:26;68;1
224;2017-04-09 16:17:56;235;1
225;2017-04-09 16:24:58;41;9
226;2017-04-09 17:22:18;154;7
227;2017-04-09 17:23:42;72;2
228;2017-04-09 17:42:01;9;9
229;2017-04-09 17:58:53;318;3
230;2017-04-09 17:59:33;341;2
231;2017-04-09 19:09:59;375;4
232;2017-04-09 20:08:44;307;4
233;2017-04-09 20:19:37;239;6
234;2017-04-09 20:42:11;93;6
235;2017-04-09 21:05:50;68;4
236;2017-04-09 21:14:47;380;2
237;2017-04-09 21:34:48;305;1
238;2017-04-09 22:14:13;309;4
239;2017-04-09 22:20:51;69;6
240;2017-04-09 22:24:04;93;2
241;2017-04-10 08:05:17;352;8
242;2017-04-10 08:06:20;253;8
243;2017-04-10 08:06:26;402;10
244;2017-04-10 08:20:02;183;8
245;2017-04-10 09:03:19;74;8
246;2017-04-10 09:04:15;295;0
247;2017-04-10 09:07:00;146;0
248;2017-04-10 09:13:30;332;0
249;2017-04-10 09:36:44;32;10
250;2017-04-10 09:42:16;93;10
251;2017-04-10 09:50:16;375;8
252;2017-04-10 09:56:34;401;7
253;2017-04-10 10:57:18;309;0
254;2017-04-10 10:58:21;379;7
255;2017-04-10 11:01:50;368;0
256;2017-04-10 11:29:14;405;7
257;2017-04-10 11:31:35;300;10
258;2017-04-10 11:55:51;237;7
259;2017-04-10 12:40:21;455;7
260;2017-04-10 12:47:15;165;5
261;2017-04-10 12:50:57;342;5
262;2017-04-10 13:17:06;145;6
263;2017-04-10 13:27:28;24;6
264;2017-04-10 14:04:28;170;0
265;2017-04-10 14:18:39;374;6
266;2017-04-10 14:35:52;420;6
267;2017-04-10 15:13:27;304;9
268;2017-04-10 15:31:15;425;0
269;2017-04-10 16:33:20;112;4
270;2017-04-10 16:44:44;231;1
271;2017-04-10 17:18:53;178;11
272;2017-04-10 17:19:56;304;1
273;2017-04-10 17:34:55;383;4
274;2017-04-10 17:45:37;51;3
275;2017-04-10 17:45:40;58;4
276;2017-04-10 18:15:07;370;6
277;2017-04-10 18:38:54;92;7
278;2017-04-10 19:21:08;419;9
279;2017-04-10 20:03:18;460;12
280;2017-04-10 20:18:09;329;12
281;2017-04-10 20:29:22;11;7
282;2017-04-10 21:09:40;209;1
283;2017-04-10 21:10:13;149;4
284;2017-04-10 21:14:33;448;2
285;2017-04-10 22:17:12;295;12
286;2017-04-10 22:56:10;288;2
287;2017-04-11 08:02:45;260;10
288;2017-04-11 08:50:53;110;11
289;2017-04-11 09:01:46;414;7
290;2017-04-11 10:02:01;331;8
291;2017-04-11 10:13:37;141;8
292;2017-04-11 10:21:04;52;11
293;2017-04-11 10:25:25;310;0
294;2017-04-11 10:25:35;329;0
295;2017-04-11 11:02:43;197;10
296;2017-04-11 11:41:02;512;8
297;2017-04-11 11:53:07;502;7
298;2017-04-11 12:11:06;482;3
299;2017-04-11 12:18:40;486;1
300;2017-04-11 12:23:31;179;1
301;2017-04-11 12:57:53;22;12
302;2017-04-11 13:16:14;112;0
303;2017-04-11 13:27:38;358;12
304;2017-04-11 13:28:23;183;4
305;2017-04-11 13:59:05;316;6
306;2017-04-11 14:00:36;87;5
307;2017-04-11 14:16:56;521;0
308;2017-04-11 14:58:40;390;1
309;2017-04-11 15:22:29;77;5
310;2017-04-11 15:46:48;289;13
311;2017-04-11 17:21:19;504;4
312;2017-04-11 17:40:59;259;4
313;2017-04-11 18:09:01;410;2
314;2017-04-11 18:13:53;375;13
315;2017-04-11 18:39:40;452;6
316;2017-04-11 18:40:54;477;6
317;2017-04-11 19:13:08;254;9
318;2017-04-11 19:17:27;211;6
319;2017-04-11 19:33:40;553;12
320;2017-04-11 20:22:49;466;12
321;2017-04-11 20:25:46;34;1
322;2017-04-11 21:03:42;518;13
323;2017-04-11 21:27:48;325;6
324;2017-04-11 21:47:22;381;13
325;2017-04-11 22:02:23;206;6
326;2017-04-11 22:09:01;386;2
327;2017-04-11 22:18:06;449;4
328;2017-04-11 22:44:05;184;6
329;2017-04-12 08:17:01;436;7
330;2017-04-12 08:20:01;270;7
331;2017-04-12 09:01:17;181;7
332;2017-04-12 09:33:18;216;10
333;2017-04-12 09:39:03;124;8
334;2017-04-12 09:39:22;55;0
335;2017-04-12 10:43:33;460;0
336;2017-04-12 10:52:22;314;10
337;2017-04-12 10:56:44;256;0
338;2017-04-12 11:12:00;583;7
339;2017-04-12 11:25:59;405;11
340;2017-04-12 11:26:57;439;0
341;2017-04-12 11:48:54;99;11
342;2017-04-12 12:02:47;228;11
343;2017-04-12 12:24:40;59;11
344;2017-04-12 12:25:22;128;7
345;2017-04-12 13:45:46;309;12
346;2017-04-12 14:06:21;303;5
347;2017-04-12 14:19:05;352;13
348;2017-04-12 14:19:16;591;4
349;2017-04-12 14:20:17;301;4
350;2017-04-12 14:23:39;34;9
351;2017-04-12 15:00:36;530;3
352;2017-04-12 15:08:52;482;6
353;2017-04-12 15:24:28;418;2
354;2017-04-12 15:38:52;433;12
355;2017-04-12 15:48:52;425;12
356;2017-04-12 15:53:25;126;6
357;2017-04-12 17:39:14;451;12
358;2017-04-12 17:42:40;42;11
359;2017-04-12 17:47:17;378;6
360;2017-04-12 17:53:03;367;4
361;2017-04-12 18:12:27;505;2
362;2017-04-12 18:34:43;470;6
363;2017-04-12 19:49:07;109;6
364;2017-04-12 20:13:18;154;2
365;2017-04-12 20:29:32;423;1
366;2017-04-12 20:33:24;48;13
367;2017-04-12 20:35:47;46;2
368;2017-04-12 21:15:14;518;13
369;2017-04-12 21:16:59;20;13
370;2017-04-12 21:31:48;542;2
371;2017-04-12 21:41:41;415;13
372;2017-04-12 21:46:38;513;6
373;2017-04-12 21:52:32;211;2
374;2017-04-12 21:53:28;102;2
375;2017-04-12 22:06:03;305;13
376;2017-04-12 22:22:27;311;12
377;2017-04-12 22:49:42;611;12
378;2017-04-12 22:58:10;481;12
379;2017-04-13 08:04:47;325;7
380;2017-04-13 09:58:42;331;0
381;2017-04-13 10:31:18;411;10
382;2017-04-13 10:32:04;417;8
383;2017-04-13 11:49:18;358;8
384;2017-04-13 11:57:37;40;11
385;2017-04-13 12:44:14;82;14
386;2017-04-13 12:46:08;83;5
387;2017-04-13 14:26:39;30;9
388;2017-04-13 15:10:21;415;13
389;2017-04-13 15:28:43;181;7
390;2017-04-13 15:43:56;649;0
391;2017-04-13 16:51:54;280;12
392;2017-04-13 17:16:47;264;13
393;2017-04-13 17:48:36;508;0
394;2017-04-13 17:56:58;466;4
395;2017-04-13 18:24:01;126;5
396;2017-04-13 18:47:15;269;12
397;2017-04-13 18:48:22;646;4
398;2017-04-13 18:53:34;590;4
399;2017-04-13 19:02:52;80;9
400;2017-04-13 19:10:26;597;9
401;2017-04-13 19:26:03;70;11
402;2017-04-13 20:01:36;350;4
403;2017-04-13 20:44:54;148;1
404;2017-04-13 21:11:12;111;15
405;2017-04-13 21:30:11;78;4
406;2017-04-13 21:51:18;371;13
407;2017-04-13 21:55:51;323;12
408;2017-04-13 22:13:31;638;12
409;2017-04-13 22:15:34;319;16
410;2017-04-13 22:41:00;612;2
411;2017-04-13 22:48:26;395;16
412;2017-04-14 08:34:26;287;11
413;2017-04-14 08:46:01;8;11
414;2017-04-14 09:20:52;455;7
415;2017-04-14 10:03:13;257;11
416;2017-04-14 11:39:50;679;11
417;2017-04-14 11:55:22;185;0
418;2017-04-14 12:00:21;382;3
419;2017-04-14 12:10:29;274;14
420;2017-04-14 12:25:51;447;1
421;2017-04-14 12:35:57;449;0
422;2017-04-14 13:09:30;674;1
423;2017-04-14 13:19:26;163;7
424;2017-04-14 13:33:48;331;9
425;2017-04-14 13:58:24;603;6
426;2017-04-14 14:42:41;690;3
427;2017-04-14 14:43:49;11;6
428;2017-04-14 14:52:56;642;15
429;2017-04-14 15:49:08;295;17
430;2017-04-14 16:12:13;462;13
431;2017-04-14 16:40:00;624;11
432;2017-04-14 16:44:37;412;2
433;2017-04-14 17:36:44;454;16
434;2017-04-14 17:41:33;155;16
435;2017-04-14 17:52:31;38;12
436;2017-04-14 17:52:59;189;3
437;2017-04-14 17:53:14;627;17
438;2017-04-14 18:24:54;331;1
439;2017-04-14 18:51:29;244;13
440;2017-04-14 19:23:10;283;3
441;2017-04-14 19:23:29;106;3
442;2017-04-14 19:44:23;257;3
443;2017-04-14 20:20:26;278;11
444;2017-04-14 21:12:45;382;15
445;2017-04-14 21:30:00;369;13
446;2017-04-14 21:32:10;637;19
447;2017-04-14 22:07:34;720;15
448;2017-04-14 22:14:36;554;13
449;2017-04-14 22:27:57;503;1
450;2017-04-14 22:44:49;745;1
451;2017-04-14 22:48:51;40;16
452;2017-04-15 08:26:00;477;11
453;2017-04-15 08:51:22;423;17
454;2017-04-15 08:53:49;324;8
455;2017-04-15 09:42:54;480;18
456;2017-04-15 09:48:25;490;18
457;2017-04-15 09:54:47;358;0
458;2017-04-15 10:01:46;312;10
459;2017-04-15 10:05:46;550;0
460;2017-04-15 10:20:50;148;17
461;2017-04-15 10:24:47;625;7
462;2017-04-15 10:25:25;674;17
463;2017-04-15 11:07:10;319;10
464;2017-04-15 11:13:26;399;17
465;2017-04-15 11:18:15;171;10
466;2017-04-15 12:02:48;543;12
467;2017-04-15 12:03:01;785;16
468;2017-04-15 12:16:50;747;1
469;2017-04-15 12:33:42;604;1
470;2017-04-15 13:33:25;524;12
471;2017-04-15 14:24:52;322;5
472;2017-04-15 15:04:43;786;3
473;2017-04-15 15:20:18;622;14
474;2017-04-15 15:41:39;347;19
475;2017-04-15 15:56:37;478;19
476;2017-04-15 15:56:53;34;1
477;2017-04-15 16:01:46;811;17
478;2017-04-15 17:06:03;604;0
479;2017-04-15 17:40:19;131;21
480;2017-04-15 18:12:15;410;19
481;2017-04-15 18:28:53;815;14
482;2017-04-15 18:30:53;360;3
483;2017-04-15 18:46:11;165;7
484;2017-04-15 18:50:15;455;5
485;2017-04-15 18:56:21;370;6
486;2017-04-15 19:27:18;705;0
487;2017-04-15 19:35:32;527;7
488;2017-04-15 20:00:03;709;16
489;2017-04-15 20:03:40;265;16
490;2017-04-15 20:20:43;429;1
491;2017-04-15 20:36:01;483;7
492;2017-04-15 20:38:39;366;2
493;2017-04-15 21:02:30;811;1
494;2017-04-15 21:53:05;549;15
495;2017-04-15 21:53:15;318;6
496;2017-04-15 21:58:01;127;21
497;2017-04-15 22:11:31;758;6
498;2017-04-15 22:19:18;505;15
499;2017-04-15 22:25:02;259;13
500;2017-04-16 08:04:59;328;8
501;2017-04-16 08:40:31;252;0
502;2017-04-16 09:28:30;615;0
503;2017-04-16 09:38:22;823;17
504;2017-04-16 09:41:09;606;8
505;2017-04-16 09:41:20;337;10
506;2017-04-16 10:05:39;325;7
507;2017-04-16 10:20:40;158;0
508;2017-04-16 11:03:31;786;7
509;2017-04-16 11:43:55;270;7
510;2017-04-16 11:51:41;24;7
511;2017-04-16 12:21:14;166;15
512;2017-04-16 12:45:41;746;14
513;2017-04-16 12:59:49;235;0
514;2017-04-16 13:29:04;617;21
515;2017-04-16 13:43:22;869;15
516;2017-04-16 13:48:24;480;19
517;2017-04-16 13:50:20;315;15
518;2017-04-16 13:55:48;378;6
519;2017-04-16 14:30:10;461;19
520;2017-04-16 14:42:40;40;21
521;2017-04-16 14:44:32;186;1
522;2017-04-16 15:30:53;166;16
523;2017-04-16 15:32:05;314;21
524;2017-04-16 15:39:22;682;14
525;2017-04-16 15:49:26;775;22
526;2017-04-16 16:23:55;95;4
527;2017-04-16 16:28:43;396;12
528;2017-04-16 16:54:13;861;9
529;2017-04-16 16:58:08;334;19
530;2017-04-16 17:25:50;775;22
531;2017-04-16 17:32:49;796;2
532;2017-04-16 17:37:59;259;12
533;2017-04-16 18:33:48;187;1
534;2017-04-16 18:57:24;225;14
535;2017-04-16 19:17:54;800;0
536;2017-04-16 19:23:22;481;12
537;2017-04-16 19:52:46;355;9
538;2017-04-16 20:00:13;796;6
539;2017-04-16 20:09:23;23;0
540;2017-04-16 20:09:35;166;2
541;2017-04-16 20:38:54;73;21
542;2017-04-16 20:39:59;296;15
543;2017-04-16 20:42:03;276;6
544;2017-04-16 21:14:52;771;16
545;2017-04-16 21:33:11;414;19
546;2017-04-16 21:39:56;525;15
547;2017-04-16 21:40:42;427;16
548;2017-04-16 21:46:42;879;12
549;2017-04-16 22:34:38;413;15
550;2017-04-16 22:45:48;657;13
551;2017-04-16 22:52:14;553;4
552;2017-04-17 08:04:48;692;11
553;2017-04-17 08:06:49;795;11
554;2017-04-17 08:29:39;18;11
555;2017-04-17 08:59:19;850;23
556;2017-04-17 09:49:41;57;11
557;2017-04-17 09:52:34;685;23
558;2017-04-17 10:21:14;628;17
559;2017-04-17 11:26:26;71;17
560;2017-04-17 11:38:52;694;10
561;2017-04-17 11:54:23;503;8
562;2017-04-17 12:17:45;753;9
563;2017-04-17 12:34:31;824;12
564;2017-04-17 12:40:08;202;15
565;2017-04-17 13:16:02;38;12
566;2017-04-17 13:36:38;586;17
567;2017-04-17 13:53:37;14;6
568;2017-04-17 14:20:49;103;9
569;2017-04-17 14:44:47;79;13
570;2017-04-17 15:46:07;892;5
571;2017-04-17 16:24:27;117;21
572;2017-04-17 16:42:32;727;21
573;2017-04-17 17:13:38;187;1
574;2017-04-17 17:47:13;44;3
575;2017-04-17 18:32:11;921;2
576;2017-04-17 18:33:40;608;9
577;2017-04-17 18:57:00;867;7
578;2017-04-17 19:16:03;408;13
579;2017-04-17 19:17:13;606;9
580;2017-04-17 19:34:48;719;19
581;2017-04-17 20:02:56;689;6
582;2017-04-17 20:25:07;423;4
583;2017-04-17 20:41:45;947;6
584;2017-04-17 21:24:19;771;20
585;2017-04-17 21:31:37;588;21
586;2017-04-17 21:38:08;248;13
587;2017-04-17 21:41:06;167;1
588;2017-04-17 21:42:43;733;20
589;2017-04-17 21:53:43;736;22
590;2017-04-17 22:17:18;744;13
591;2017-04-17 22:24:56;97;16
592;2017-04-17 22:37:07;17;22
593;2017-04-17 22:52:12;48;1
594;2017-04-18 08:04:42;31;7
595;2017-04-18 08:10:49;680;0
596;2017-04-18 08:18:21;825;11
597;2017-04-18 08:41:18;912;17
598;2017-04-18 09:02:01;839;10
599;2017-04-18 10:52:19;977;7
600;2017-04-18 11:06:53;92;7
601;2017-04-18 11:49:00;189;7
602;2017-04-18 11:59:06;978;8
603;2017-04-18 12:33:43;772;12
604;2017-04-18 12:44:16;498;9
605;2017-04-18 13:27:54;676;23
606;2017-04-18 13:37:54;283;11
607;2017-04-18 13:50:31;11;11
608;2017-04-18 14:36:51;914;23
609;2017-04-18 14:42:55;466;0
610;2017-04-18 15:07:41;87;7
611;2017-04-18 15:16:04;152;1
612;2017-04-18 16:33:00;719;15
613;2017-04-18 16:45:05;281;20
614;2017-04-18 17:08:26;454;7
615;2017-04-18 17:28:45;756;17
616;2017-04-18 17:51:50;963;5
617;2017-04-18 17:55:57;466;13
618;2017-04-18 17:58:54;747;9
619;2017-04-18 18:29:07;451;13
620;2017-04-18 18:40:34;625;19
621;2017-04-18 19:42:39;448;11
622;2017-04-18 20:14:55;391;21
623;2017-04-18 20:20:07;611;22
624;2017-04-18 20:21:51;687;0
625;2017-04-18 20:27:02;664;6
626;2017-04-18 20:36:36;49;7
627;2017-04-18 20:39:09;230;4
628;2017-04-18 21:02:57;824;12
629;2017-04-18 21:33:36;106;20
630;2017-04-18 21:36:14;918;20
631;2017-04-18 21:41:58;663;4
632;2017-04-18 22:17:27;283;6
633;2017-04-18 22:17:42;773;1
634;2017-04-18 22:37:10;304;4
635;2017-04-19 09:11:53;73;11
636;2017-04-19 09:16:27;72;11
637;2017-04-19 09:32:47;887;17
638;2017-04-19 10:07:38;253;8
639;2017-04-19 10:14:44;878;23
640;2017-04-19 10:45:20;83;11
641;2017-04-19 10:57:49;614;11
642;2017-04-19 10:59:59;944;11
643;2017-04-19 11:17:52;86;7
644;2017-04-19 11:34:10;526;10
645;2017-04-19 12:01:40;158;9
646;2017-04-19 12:34:24;252;23
647;2017-04-19 12:37:31;804;3
648;2017-04-19 12:37:58;179;12
649;2017-04-19 13:10:45;864;3
650;2017-04-19 13:19:29;915;16
651;2017-04-19 13:31:05;32;19
652;2017-04-19 13:45:20;458;2
653;2017-04-19 13:48:02;1034;1
654;2017-04-19 14:13:04;548;20
655;2017-04-19 14:17:04;284;3
656;2017-04-19 14:24:48;235;22
657;2017-04-19 14:32:00;39;20
658;2017-04-19 14:44:20;1;4
659;2017-04-19 15:16:39;329;12
660;2017-04-19 16:02:01;574;17
661;2017-04-19 16:02:02;299;4
662;2017-04-19 16:07:25;363;21
663;2017-04-19 16:17:52;817;23
664;2017-04-19 16:29:18;33;6
665;2017-04-19 18:09:11;426;11
666;2017-04-19 18:29:17;629;16
667;2017-04-19 18:30:29;689;3
668;2017-04-19 18:30:49;586;13
669;2017-04-19 18:32:26;687;12
670;2017-04-19 19:02:33;95;17
671;2017-04-19 19:05:00;178;2
672;2017-04-19 19:41:10;901;3
673;2017-04-19 19:46:17;265;16
674;2017-04-19 20:00:31;239;20
675;2017-04-19 20:47:35;822;6
676;2017-04-19 21:03:53;263;16
677;2017-04-19 21:14:47;13;4
678;2017-04-19 21:19:49;705;4
679;2017-04-19 21:36:34;238;20
680;2017-04-19 21:38:41;159;4
681;2017-04-19 21:45:15;761;13
682;2017-04-19 22:07:08;823;1
683;2017-04-19 22:40:12;567;16
684;2017-04-19 22:50:10;565;21
685;2017-04-19 22:52:35;437;22
686;2017-04-19 22:56:22;245;19
687;2017-04-20 08:11:25;1063;17
688;2017-04-20 08:14:05;731;10
689;2017-04-20 08:41:47;781;0
690;2017-04-20 08:42:15;94;7
691;2017-04-20 08:59:55;279;18
692;2017-04-20 09:02:57;648;7
693;2017-04-20 09:58:30;8;18
694;2017-04-20 10:28:29;291;18
695;2017-04-20 10:33:07;747;8
696;2017-04-20 10:46:55;916;0
697;2017-04-20 11:26:20;1043;11
698;2017-04-20 11:47:31;202;11
699;2017-04-20 11:53:54;842;23
700;2017-04-20 12:02:46;931;21
701;2017-04-20 12:17:14;580;3
702;2017-04-20 12:49:37;1085;0
703;2017-04-20 12:51:07;830;3
704;2017-04-20 13:24:24;367;12
705;2017-04-20 13:34:43;683;24
706;2017-04-20 13:36:15;534;14
707;2017-04-20 14:39:45;1064;15
708;2017-04-20 15:09:55;635;1
709;2017-04-20 15:19:35;1047;2
710;2017-04-20 15:38:39;698;2
711;2017-04-20 15:44:41;714;9
712;2017-04-20 16:48:16;348;19
713;2017-04-20 16:58:07;845;9
714;2017-04-20 17:16:21;190;12
715;2017-04-20 17:18:00;796;7
716;2017-04-20 17:18:47;606;23
717;2017-04-20 18:30:26;579;3
718;2017-04-20 19:07:44;318;20
719;2017-04-20 19:33:39;947;24
720;2017-04-20 20:29:46;657;17
721;2017-04-20 20:53:16;1115;24
722;2017-04-20 20:54:13;136;15
723;2017-04-20 21:37:04;357;16
724;2017-04-20 21:43:53;864;24
725;2017-04-20 22:06:15;83;16
726;2017-04-20 22:11:57;807;4
727;2017-04-20 22:47:17;1018;22
728;2017-04-20 22:50:51;217;12
729;2017-04-21 08:02:39;571;18
730;2017-04-21 08:03:22;91;18
731;2017-04-21 08:11:52;272;0
732;2017-04-21 08:37:33;186;8
733;2017-04-21 08:43:48;930;23
734;2017-04-21 08:57:26;7;17
735;2017-04-21 09:20:21;1090;7
736;2017-04-21 09:35:46;223;0
737;2017-04-21 09:53:07;519;8
738;2017-04-21 09:55:27;175;8
739;2017-04-21 09:57:13;876;11
740;2017-04-21 10:00:22;6;11
741;2017-04-21 10:22:53;737;7
742;2017-04-21 10:49:55;423;17
743;2017-04-21 10:53:23;1085;17
744;2017-04-21 11:49:34;532;17
745;2017-04-21 12:20:45;945;24
746;2017-04-21 12:39:25;276;15
747;2017-04-21 12:45:10;676;0
748;2017-04-21 12:49:41;610;5
749;2017-04-21 12:55:27;420;16
750;2017-04-21 13:29:59;180;15
751;2017-04-21 15:06:32;531;14
752;2017-04-21 15:06:46;1119;16
753;2017-04-21 15:10:12;263;25
754;2017-04-21 16:41:51;777;24
755;2017-04-21 16:50:15;451;4
756;2017-04-21 17:01:17;768;22
757;2017-04-21 17:11:42;416;11
758;2017-04-21 17:24:35;574;22
759;2017-04-21 18:53:55;860;0
760;2017-04-21 20:00:33;314;24
761;2017-04-21 20:27:32;1068;21
762;2017-04-21 20:28:32;202;11
763;2017-04-21 20:38:14;600;13
764;2017-04-21 21:21:02;243;4
765;2017-04-21 21:30:33;527;16
766;2017-04-21 21:46:00;1054;15
767;2017-04-21 22:38:07;279;2
768;2017-04-21 22:45:50;429;13
769;2017-04-22 08:00:24;487;7
770;2017-04-22 08:14:27;556;11
771;2017-04-22 08:44:32;211;7
772;2017-04-22 08:58:11;503;0
773;2017-04-22 08:58:12;366;18
774;2017-04-22 09:15:36;601;8
775;2017-04-22 09:16:13;796;10
776;2017-04-22 10:28:16;256;23
777;2017-04-22 11:01:53;785;11
778;2017-04-22 11:16:28;404;7
779;2017-04-22 11:23:32;533;7
780;2017-04-22 11:24:52;530;11
781;2017-04-22 11:25:05;881;0
782;2017-04-22 11:31:23;27;0
783;2017-04-22 11:37:44;150;10
784;2017-04-22 11:50:04;253;17
785;2017-04-22 12:05:51;235;12
786;2017-04-22 12:11:04;129;17
787;2017-04-22 12:23:04;454;16
788;2017-04-22 13:11:35;289;27
789;2017-04-22 13:17:44;386;7
790;2017-04-22 13:49:42;303;7
791;2017-04-22 14:38:29;987;0
792;2017-04-22 14:52:52;721;16
793;2017-04-22 14:53:47;862;26
794;2017-04-22 14:57:42;1237;13
795;2017-04-22 16:02:52;860;22
796;2017-04-22 16:30:45;806;4
797;2017-04-22 16:35:26;369;0
798;2017-04-22 16:58:46;485;20
799;2017-04-22 17:34:07;147;17
800;2017-04-22 17:40:15;441;26
801;2017-04-22 17:56:20;378;3
802;2017-04-22 18:30:57;1086;13
803;2017-04-22 18:48:52;328;23
804;2017-04-22 18:56:01;891;4
805;2017-04-22 18:59:13;1244;15
806;2017-04-22 19:03:08;294;19
807;2017-04-22 19:03:27;625;24
808;2017-04-22 19:07:32;976;13
809;2017-04-22 19:46:17;912;4
810;2017-04-22 19:50:37;111;6
811;2017-04-22 20:10:16;1077;25
812;2017-04-22 20:15:25;512;0
813;2017-04-22 20:27:34;945;20
814;2017-04-22 21:25:07;894;29
815;2017-04-22 21:33:38;1034;12
816;2017-04-22 21:37:16;1141;6
817;2017-04-22 22:13:42;8;15
818;2017-04-22 22:32:39;286;1
819;2017-04-22 22:42:04;904;24
820;2017-04-22 22:55:15;654;13
821;2017-04-23 08:03:39;1118;27
822;2017-04-23 08:07:28;535;10
823;2017-04-23 08:18:04;766;8
824;2017-04-23 09:08:59;582;27
825;2017-04-23 09:17:14;155;10
826;2017-04-23 09:34:10;905;27
827;2017-04-23 09:57:24;323;27
828;2017-04-23 10:21:22;1265;27
829;2017-04-23 10:24:05;1058;7
830;2017-04-23 10:56:42;83;18
831;2017-04-23 11:21:59;1074;31
832;2017-04-23 11:25:53;1022;8
833;2017-04-23 12:15:49;165;28
834;2017-04-23 12:41:34;802;7
835;2017-04-23 13:24:44;338;30
836;2017-04-23 13:35:36;756;0
837;2017-04-23 14:05:28;862;29
838;2017-04-23 14:17:54;106;2
839;2017-04-23 14:30:23;653;2
840;2017-04-23 14:33:18;1063;4
841;2017-04-23 14:59:51;245;21
842;2017-04-23 15:02:13;159;4
843;2017-04-23 15:18:28;75;3
844;2017-04-23 15:20:22;874;9
845;2017-04-23 15:34:59;540;30
846;2017-04-23 15:37:26;799;4
847;2017-04-23 15:39:34;1138;30
848;2017-04-23 16:09:22;239;2
849;2017-04-23 16:11:48;1036;12
850;2017-04-23 16:23:22;43;6
851;2017-04-23 16:30:28;1033;24
852;2017-04-23 16:41:26;187;0
853;2017-04-23 16:47:00;640;1
854;2017-04-23 16:58:53;970;11
855;2017-04-23 17:23:44;1284;26
856;2017-04-23 17:44:24;542;16
857;2017-04-23 18:03:47;1198;4
858;2017-04-23 18:29:41;853;22
859;2017-04-23 18:37:36;708;9
860;2017-04-23 18:38:21;966;9
861;2017-04-23 18:47:24;657;23
862;2017-04-23 20:37:51;69;30
863;2017-04-23 20:55:36;1278;7
864;2017-04-23 21:03:46;166;28
865;2017-04-23 21:27:38;257;30
866;2017-04-23 21:57:14;1121;29
867;2017-04-24 08:11:21;175;0
868;2017-04-24 08:29:08;670;10
869;2017-04-24 08:44:25;215;31
870;2017-04-24 08:45:43;887;17
871;2017-04-24 08:59:51;952;0
872;2017-04-24 09:04:45;422;10
873;2017-04-24 09:17:21;217;27
874;2017-04-24 09:43:39;1191;10
875;2017-04-24 09:55:34;843;8
876;2017-04-24 09:59:48;1061;0
877;2017-04-24 10:18:31;507;27
878;2017-04-24 10:21:54;135;11
879;2017-04-24 10:28:58;947;7
880;2017-04-24 10:34:24;999;7
881;2017-04-24 10:45:04;473;11
882;2017-04-24 10:58:00;287;18
883;2017-04-24 11:13:56;1057;17
884;2017-04-24 11:17:21;1151;10
885;2017-04-24 12:03:11;657;23
886;2017-04-24 12:11:15;1104;16
887;2017-04-24 12:17:15;447;1
888;2017-04-24 12:43:29;881;27
889;2017-04-24 13:36:31;1006;15
890;2017-04-24 14:02:29;1334;1
891;2017-04-24 15:49:12;1013;4
892;2017-04-24 16:07:42;91;7
893;2017-04-24 16:20:28;588;7
894;2017-04-24 16:25:20;263;24
895;2017-04-24 16:35:56;395;16
896;2017-04-24 16:40:17;1114;22
897;2017-04-24 16:54:37;547;12
898;2017-04-24 16:57:23;807;12
899;2017-04-24 17:04:03;892;14
900;2017-04-24 17:09:06;1179;25
901;2017-04-24 17:18:49;467;0
902;2017-04-24 17:25:23;832;26
903;2017-04-24 17:28:46;1297;11
904;2017-04-24 17:35:08;1208;5
905;2017-04-24 18:28:44;697;5
906;2017-04-24 19:02:13;564;6
907;2017-04-24 19:18:28;772;29
908;2017-04-24 20:31:50;1353;29
909;2017-04-24 20:59:38;859;27
910;2017-04-24 21:14:12;731;16
911;2017-04-24 21:25:05;977;19
912;2017-04-24 22:09:15;672;29
913;2017-04-24 22:10:36;994;1
914;2017-04-24 22:31:48;282;6
915;2017-04-24 22:56:03;276;28
916;2017-04-25 08:17:44;390;8
917;2017-04-25 08:48:00;494;7
918;2017-04-25 08:53:05;1029;10
919;2017-04-25 09:00:54;276;31
920;2017-04-25 09:11:22;898;17
921;2017-04-25 09:49:09;1079;23
922;2017-04-25 09:50:29;581;0
923;2017-04-25 10:06:34;416;10
924;2017-04-25 10:11:05;959;11
925;2017-04-25 10:28:29;1199;34
926;2017-04-25 10:59:27;1319;18
927;2017-04-25 11:51:02;680;0
928;2017-04-25 11:59:36;995;10
929;2017-04-25 12:24:45;141;23
930;2017-04-25 12:26:58;489;15
931;2017-04-25 13:04:08;1173;30
932;2017-04-25 13:10:51;1114;9
933;2017-04-25 13:20:42;344;26
934;2017-04-25 13:37:19;1077;28
935;2017-04-25 14:00:00;1402;12
936;2017-04-25 14:08:02;905;22
937;2017-04-25 14:21:36;1291;3
938;2017-04-25 14:30:14;1391;30
939;2017-04-25 14:40:55;967;7
940;2017-04-25 14:41:04;660;0
941;2017-04-25 14:44:57;514;19
942;2017-04-25 14:47:56;1085;17
943;2017-04-25 15:06:59;341;24
944;2017-04-25 15:24:04;323;34
945;2017-04-25 15:33:57;1118;12
946;2017-04-25 15:57:51;1286;20
947;2017-04-25 16:03:44;385;25
948;2017-04-25 16:22:32;681;27
949;2017-04-25 16:53:59;354;5
950;2017-04-25 17:51:49;1013;1
951;2017-04-25 17:53:44;1315;24
952;2017-04-25 18:42:44;828;7
953;2017-04-25 18:45:34;965;3
954;2017-04-25 18:53:56;95;17
955;2017-04-25 19:10:29;0;21
956;2017-04-25 19:28:07;1353;17
957;2017-04-25 19:36:38;131;16
958;2017-04-25 19:42:51;949;6
959;2017-04-25 19:56:32;514;14
960;2017-04-25 20:12:10;1239;23
961;2017-04-25 20:56:53;1090;11
962;2017-04-25 20:59:06;449;29
963;2017-04-25 21:00:30;1232;6
964;2017-04-25 21:19:26;111;6
965;2017-04-25 21:44:16;1353;4
966;2017-04-25 21:59:38;609;29
967;2017-04-25 22:01:42;816;29
968;2017-04-25 22:09:52;1349;12
969;2017-04-25 22:14:19;1004;19
970;2017-04-25 22:35:15;1439;20
971;2017-04-25 22:45:17;1080;19
972;2017-04-26 08:04:29;149;35
973;2017-04-26 08:32:33;692;11
974;2017-04-26 08:41:00;1078;8
975;2017-04-26 09:00:41;606;34
976;2017-04-26 09:16:10;774;10
977;2017-04-26 09:38:26;591;8
978;2017-04-26 09:46:49;1095;17
979;2017-04-26 09:52:22;1015;35
980;2017-04-26 09:57:13;1269;35
981;2017-04-26 10:01:30;731;10
982;2017-04-26 10:06:50;1115;18
983;2017-04-26 10:11:08;1138;18
984;2017-04-26 11:35:34;1292;18
985;2017-04-26 11:53:23;1233;10
986;2017-04-26 12:53:17;966;0
987;2017-04-26 13:39:11;400;19
988;2017-04-26 14:02:11;409;7
989;2017-04-26 14:10:00;617;30
990;2017-04-26 14:27:34;1334;27
991;2017-04-26 14:45:44;685;26
992;2017-04-26 14:51:17;689;15
993;2017-04-26 15:02:02;1077;21
994;2017-04-26 15:13:38;1497;28
995;2017-04-26 15:23:10;1392;20
996;2017-04-26 15:36:42;203;20
997;2017-04-26 15:53:22;806;9
998;2017-04-26 16:20:11;178;32
999;2017-04-26 16:25:49;761;23
1000;2017-04-26 16:45:18;1371;29
1001;2017-04-26 16:56:34;1457;3
1002;2017-04-26 17:00:11;968;29
1003;2017-04-26 17:12:14;400;6
1004;2017-04-26 17:34:19;124;26
1005;2017-04-26 17:38:41;345;25
1006;2017-04-26 18:37:10;1175;24
1007;2017-04-26 19:05:38;386;15
1008;2017-04-26 19:16:45;940;6
1009;2017-04-26 19:37:58;53;14
1010;2017-04-26 19:45:21;256;23
1011;2017-04-26 19:47:34;228;16
1012;2017-04-26 19:54:27;998;32
1013;2017-04-26 20:40:18;233;23
1014;2017-04-26 22:01:03;773;13
1015;2017-04-26 22:12:40;1435;20
1016;2017-04-26 22:15:38;436;25
1017;2017-04-27 08:09:35;6;7
1018;2017-04-27 08:14:44;835;17
1019;2017-04-27 08:26:28;202;7
1020;2017-04-27 08:47:03;1086;27
1021;2017-04-27 09:38:01;478;11
1022;2017-04-27 10:23:29;257;11
1023;2017-04-27 10:24:32;1200;10
1024;2017-04-27 10:54:26;1493;10
1025;2017-04-27 11:07:57;1128;11
1026;2017-04-27 11:33:35;369;27
1027;2017-04-27 11:33:45;550;27
1028;2017-04-27 11:35:36;1328;10
1029;2017-04-27 11:52:15;1244;7
1030;2017-04-27 11:53:56;650;18
1031;2017-04-27 12:09:37;186;29
1032;2017-04-27 12:10:56;1142;38
1033;2017-04-27 12:20:08;151;11
1034;2017-04-27 12:20:57;120;5
1035;2017-04-27 12:24:43;497;0
1036;2017-04-27 12:41:13;599;24
1037;2017-04-27 12:45:30;179;17
1038;2017-04-27 13:04:22;839;19
1039;2017-04-27 13:27:34;951;12
1040;2017-04-27 13:40:01;1196;15
1041;2017-04-27 13:46:57;356;12
1042;2017-04-27 13:50:40;605;23
1043;2017-04-27 14:12:53;1166;30
1044;2017-04-27 14:41:42;268;14
1045;2017-04-27 15:23:39;677;25
1046;2017-04-27 15:35:55;1138;11
1047;2017-04-27 15:38:03;857;0
1048;2017-04-27 16:09:38;565;14
1049;2017-04-27 16:19:02;350;12
1050;2017-04-27 16:39:07;481;4
1051;2017-04-27 16:55:02;1150;23
1052;2017-04-27 17:01:02;958;27
1053;2017-04-27 17:37:03;856;16
1054;2017-04-27 17:40:44;149;17
1055;2017-04-27 17:45:52;1149;34
1056;2017-04-27 17:47:25;728;11
1057;2017-04-27 17:47:28;1475;29
1058;2017-04-27 17:47:57;433;27
1059;2017-04-27 18:07:02;1021;27
1060;2017-04-27 18:20:50;950;1
1061;2017-04-27 18:21:24;340;12
1062;2017-04-27 18:25:29;247;1
1063;2017-04-27 18:39:39;1257;1
1064;2017-04-27 18:39:52;1565;33
1065;2017-04-27 18:40:57;943;32
1066;2017-04-27 18:44:22;45;14
1067;2017-04-27 18:46:40;1032;3
1068;2017-04-27 18:51:54;1338;33
1069;2017-04-27 18:52:01;695;13
1070;2017-04-27 19:00:08;325;30
1071;2017-04-27 19:01:04;375;0
1072;2017-04-27 19:22:11;220;12
1073;2017-04-27 20:39:21;1193;19
1074;2017-04-27 20:47:14;573;22
1075;2017-04-27 21:00:31;1094;38
1076;2017-04-27 21:09:44;595;24
1077;2017-04-27 21:17:56;1277;6
1078;2017-04-27 21:22:12;256;4
1079;2017-04-27 21:40:35;1243;38
1080;2017-04-27 21:45:17;122;21
1081;2017-04-27 22:08:59;954;15
1082;2017-04-27 22:56:39;102;15
1083;2017-04-28 08:48:04;425;37
1084;2017-04-28 09:03:51;1401;11
1085;2017-04-28 09:13:45;1424;31
1086;2017-04-28 09:14:26;388;10
1087;2017-04-28 09:33:36;922;34
1088;2017-04-28 09:36:03;695;0
1089;2017-04-28 09:40:41;746;10
1090;2017-04-28 09:54:57;1077;18
1091;2017-04-28 09:59:47;950;0
1092;2017-04-28 10:16:50;1580;35
1093;2017-04-28 10:19:51;462;27
1094;2017-04-28 11:11:08;1402;0
1095;2017-04-28 11:43:20;137;10
1096;2017-04-28 12:28:10;1617;16
1097;2017-04-28 12:53:20;1290;27
1098;2017-04-28 12:55:20;1046;29
1099;2017-04-28 12:55:40;413;30
1100;2017-04-28 13:31:06;714;40
1101;2017-04-28 13:48:45;417;38
1102;2017-04-28 14:09:14;1589;21
1103;2017-04-28 14:17:26;680;26
1104;2017-04-28 14:34:59;1396;26
1105;2017-04-28 14:50:49;1015;27
1106;2017-04-28 15:16:23;160;33
1107;2017-04-28 15:26:55;1085;22
1108;2017-04-28 15:45:53;1167;23
1109;2017-04-28 16:06:38;1406;0
1110;2017-04-28 16:09:45;1190;24
1111;2017-04-28 16:18:28;848;17
1112;2017-04-28 16:26:51;654;26
1113;2017-04-28 17:17:14;1422;42
1114;2017-04-28 17:32:35;1345;16
1115;2017-04-28 18:04:32;697;25
1116;2017-04-28 18:36:48;670;3
1117;2017-04-28 20:17:58;523;0
1118;2017-04-28 21:49:48;634;1
1119;2017-04-28 22:02:07;319;16
1120;2017-04-28 22:12:23;1522;38
1121;2017-04-28 22:15:11;1572;42
1122;2017-04-28 22:28:19;466;40
1123;2017-04-28 22:35:26;1523;4
1124;2017-04-29 08:07:38;30;17
1125;2017-04-29 09:19:11;424;17
1126;2017-04-29 09:41:36;80;27
1127;2017-04-29 10:12:45;569;23
1128;2017-04-29 10:49:23;1359;7
1129;2017-04-29 10:55:17;1574;37
1130;2017-04-29 11:04:04;674;0
1131;2017-04-29 11:08:40;1398;0
1132;2017-04-29 11:34:34;331;27
1133;2017-04-29 11:40:58;656;31
1134;2017-04-29 11:48:12;1249;11
1135;2017-04-29 11:50:59;1656;35
1136;2017-04-29 12:12:38;1598;7
1137;2017-04-29 12:19:06;606;38
1138;2017-04-29 12:36:47;1246;36
1139;2017-04-29 12:52:04;87;7
1140;2017-04-29 12:59:35;1534;33
1141;2017-04-29 13:07:55;260;15
1142;2017-04-29 13:13:20;39;11
1143;2017-04-29 13:22:49;1405;19
1144;2017-04-29 13:24:20;1430;2
1145;2017-04-29 13:29:33;1199;0
1146;2017-04-29 13:44:14;253;27
1147;2017-04-29 13:54:44;359;34
1148;2017-04-29 13:59:59;501;36
1149;2017-04-29 14:54:09;1171;6
1150;2017-04-29 15:05:05;1280;40
1151;2017-04-29 15:06:46;1085;27
1152;2017-04-29 15:16:56;1403;33
1153;2017-04-29 15:32:50;432;0
1154;2017-04-29 15:34:39;412;2
1155;2017-04-29 16:02:37;328;34
1156;2017-04-29 16:20:51;1564;32
1157;2017-04-29 16:43:07;278;11
1158;2017-04-29 17:01:51;849;7
1159;2017-04-29 17:13:56;464;29
1160;2017-04-29 17:15:07;292;32
1161;2017-04-29 17:31:01;1533;28
1162;2017-04-29 17:43:03;976;42
1163;2017-04-29 19:13:01;883;24
1164;2017-04-29 19:20:52;919;4
1165;2017-04-29 19:28:29;816;34
1166;2017-04-29 19:32:49;1169;13
1167;2017-04-29 19:49:52;914;26
1168;2017-04-29 19:54:53;871;40
1169;2017-04-29 20:05:33;1181;2
1170;2017-04-29 20:13:25;812;15
1171;2017-04-29 20:26:34;474;41
1172;2017-04-29 20:50:44;698;39
1173;2017-04-29 21:18:03;1035;38
1174;2017-04-29 21:47:23;562;29
1175;2017-04-29 22:40:24;1216;21
1176;2017-04-29 22:53:15;1265;22
1177;2017-04-29 22:59:59;679;39
1178;2017-04-30 08:19:56;1346;18
1179;2017-04-30 08:25:21;1684;11
1180;2017-04-30 09:00:00;27;27
1181;2017-04-30 09:55:37;1281;8
1182;2017-04-30 10:07:17;537;35
1183;2017-04-30 10:33:17;992;10
1184;2017-04-30 11:10:16;146;27
1185;2017-04-30 11:12:13;433;34
1186;2017-04-30 11:34:55;1092;17
1187;2017-04-30 11:56:19;925;44
1188;2017-04-30 12:03:42;942;24
1189;2017-04-30 12:20:42;390;40
1190;2017-04-30 12:27:05;549;24
1191;2017-04-30 12:28:00;135;14
1192;2017-04-30 12:38:55;802;33
1193;2017-04-30 12:40:21;698;7
1194;2017-04-30 12:54:01;1131;27
1195;2017-04-30 13:10:07;886;23
1196;2017-04-30 13:10:39;447;26
1197;2017-04-30 13:14:39;1430;16
1198;2017-04-30 13:46:27;1528;22
1199;2017-04-30 14:09:33;1063;22
1200;2017-04-30 14:24:47;1513;2
1201;2017-04-30 14:29:29;1442;23
1202;2017-04-30 14:48:22;1212;40
1203;2017-04-30 14:54:40;1610;3
1204;2017-04-30 15:02:31;1743;43
1205;2017-04-30 15:20:24;961;9
1206;2017-04-30 15:25:20;1702;11
1207;2017-04-30 15:25:23;1614;15
1208;2017-04-30 15:45:32;505;7
1209;2017-04-30 15:54:16;1243;29
1210;2017-04-30 16:13:47;1774;40
1211;2017-04-30 16:38:09;1416;41
1212;2017-04-30 16:39:20;949;19
1213;2017-04-30 16:41:03;1046;4
1214;2017-04-30 16:43:07;1604;27
1215;2017-04-30 16:53:30;1171;14
1216;2017-04-30 17:13:49;529;43
1217;2017-04-30 17:40:14;3;6
1218;2017-04-30 17:45:31;450;16
1219;2017-04-30 18:11:39;1195;2
1220;2017-04-30 18:15:53;481;27
1221;2017-04-30 19:09:25;1521;14
1222;2017-04-30 19:56:54;856;5
1223;2017-04-30 19:57:48;840;13
1224;2017-04-30 20:15:51;112;27
1225;2017-04-30 21:06:06;370;19
1226;2017-04-30 21:19:33;413;21
1227;2017-04-30 22:14:36;1702;39
1228;2017-04-30 22:27:48;1071;38
1229;2017-04-30 22:37:36;172;36
1230;2017-04-30 22:43:53;466;22
1231;2017-05-01 08:04:52;728;18
1232;2017-05-01 08:28:48;1525;34
1233;2017-05-01 08:44:56;1674;44
1234;2017-05-01 08:49:50;1694;27
1235;2017-05-01 09:07:54;1025;11
1236;2017-05-01 09:23:29;1106;27
1237;2017-05-01 09:27:09;792;31
1238;2017-05-01 09:44:37;1294;34
1239;2017-05-01 09:53:31;1054;7
1240;2017-05-01 10:10:29;875;7
1241;2017-05-01 10:26:02;115;27
1242;2017-05-01 10:32:03;846;18
1243;2017-05-01 10:46:03;64;31
1244;2017-05-01 10:54:55;851;11
1245;2017-05-01 10:59:06;925;35
1246;2017-05-01 11:06:59;330;31
1247;2017-05-01 11:21:45;1470;10
1248;2017-05-01 11:29:13;372;10
1249;2017-05-01 12:21:11;1728;21
1250;2017-05-01 12:25:26;531;45
1251;2017-05-01 12:50:21;235;27
1252;2017-05-01 13:11:09;442;9
1253;2017-05-01 13:14:50;95;4
1254;2017-05-01 13:45:27;875;45
1255;2017-05-01 13:59:16;1553;20
1256;2017-05-01 13:59:55;1055;6
1257;2017-05-01 14:03:50;107;4
1258;2017-05-01 14:32:41;272;29
1259;2017-05-01 14:34:41;1092;9
1260;2017-05-01 14:36:28;1187;32
1261;2017-05-01 14:41:05;1623;0
1262;2017-05-01 14:51:57;1774;29
1263;2017-05-01 15:33:29;129;29
1264;2017-05-01 15:47:07;1807;9
1265;2017-05-01 15:47:20;478;32
1266;2017-05-01 15:47:30;733;7
1267;2017-05-01 16:01:23;1364;23
1268;2017-05-01 16:02:30;1760;6
1269;2017-05-01 16:10:27;1554;46
1270;2017-05-01 16:11:34;1267;6
1271;2017-05-01 16:18:21;919;26
1272;2017-05-01 16:24:10;225;3
1273;2017-05-01 16:26:43;22;1
1274;2017-05-01 16:26:52;918;6
1275;2017-05-01 16:43:19;476;28
1276;2017-05-01 16:50:49;637;32
1277;2017-05-01 16:52:20;280;23
1278;2017-05-01 17:12:03;159;4
1279;2017-05-01 17:22:31;678;40
1280;2017-05-01 17:35:49;1530;32
1281;2017-05-01 17:50:26;456;13
1282;2017-05-01 18:08:01;519;0
1283;2017-05-01 18:08:06;1494;32
1284;2017-05-01 18:11:43;1861;46
1285;2017-05-01 18:36:21;1281;12
1286;2017-05-01 18:42:01;152;0
1287;2017-05-01 18:43:55;450;6
1288;2017-05-01 19:00:22;1804;46
1289;2017-05-01 19:16:17;7;26
1290;2017-05-01 19:21:04;587;20
1291;2017-05-01 19:30:42;1715;13
1292;2017-05-01 19:42:36;1162;12
1293;2017-05-01 20:06:24;1115;21
1294;2017-05-01 20:14:07;711;28
1295;2017-05-01 20:15:21;462;4
1296;2017-05-01 20:19:50;723;2
1297;2017-05-01 21:02:29;1073;39
1298;2017-05-01 21:05:44;1167;12
1299;2017-05-01 21:24:41;1270;38
1300;2017-05-01 21:56:53;1574;38
1301;2017-05-01 22:09:16;565;19
1302;2017-05-02 08:01:58;1333;27
1303;2017-05-02 08:06:51;1420;37
1304;2017-05-02 08:41:47;1051;11
1305;2017-05-02 08:44:28;413;11
1306;2017-05-02 08:59:33;345;47
1307;2017-05-02 09:01:47;409;10
1308;2017-05-02 09:15:55;1271;10
1309;2017-05-02 09:19:34;1188;35
1310;2017-05-02 09:36:25;1449;23
1311;2017-05-02 09:51:00;1696;47
1312;2017-05-02 10:00:13;1271;31
1313;2017-05-02 10:26:45;1477;47
1314;2017-05-02 10:32:25;522;10
1315;2017-05-02 10:32:48;889;35
1316;2017-05-02 10:51:07;271;11
1317;2017-05-02 11:02:44;895;8
1318;2017-05-02 11:38:56;830;18
1319;2017-05-02 12:16:17;1872;26
1320;2017-05-02 12:23:58;1765;23
1321;2017-05-02 12:35:11;577;34
1322;2017-05-02 13:01:01;49;28
1323;2017-05-02 13:20:36;1159;39
1324;2017-05-02 13:30:26;173;19
1325;2017-05-02 13:38:39;256;43
1326;2017-05-02 13:40:12;544;48
1327;2017-05-02 13:54:30;384;24
1328;2017-05-02 14:15:57;682;2
1329;2017-05-02 14:18:57;1382;29
1330;2017-05-02 14:34:45;1898;33
1331;2017-05-02 14:38:28;1117;43
1332;2017-05-02 14:51:06;1127;24
1333;2017-05-02 15:07:04;1249;2
1334;2017-05-02 15:50:54;791;1
1335;2017-05-02 16:00:11;1756;0
1336;2017-05-02 16:02:55;1028;21
1337;2017-05-02 16:06:15;1654;13
1338;2017-05-02 16:10:39;1791;16
1339;2017-05-02 16:28:31;57;2
1340;2017-05-02 17:00:39;1498;39
1341;2017-05-02 17:06:43;1312;13
1342;2017-05-02 17:21:01;29;32
1343;2017-05-02 17:38:30;1812;4
1344;2017-05-02 17:40:56;434;43
1345;2017-05-02 18:23:51;1815;22
1346;2017-05-02 18:30:13;976;29
1347;2017-05-02 18:34:29;879;40
1348;2017-05-02 18:34:39;604;1
1349;2017-05-02 18:36:19;1068;33
1350;2017-05-02 18:38:10;415;40
1351;2017-05-02 18:54:21;432;43
1352;2017-05-02 18:58:14;291;20
1353;2017-05-02 19:38:29;1018;27
1354;2017-05-02 19:39:12;85;1
1355;2017-05-02 20:04:34;524;4
1356;2017-05-02 20:10:48;1846;34
1357;2017-05-02 20:29:47;1324;25
1358;2017-05-02 20:40:43;329;22
1359;2017-05-02 21:04:20;492;36
1360;2017-05-02 21:29:47;1640;30
1361;2017-05-02 21:37:38;1452;16
1362;2017-05-02 21:40:27;870;24
1363;2017-05-02 21:55:38;1238;22
1364;2017-05-02 22:31:25;99;30
1365;2017-05-02 22:36:14;313;38
1366;2017-05-03 08:31:14;1586;47
1367;2017-05-03 08:39:03;11;7
1368;2017-05-03 09:02:24;1018;17
1369;2017-05-03 09:03:51;528;10
1370;2017-05-03 09:07:51;392;50
1371;2017-05-03 09:17:28;1354;27
1372;2017-05-03 09:21:09;1514;51
1373;2017-05-03 09:39:11;563;35
1374;2017-05-03 09:43:26;663;0
1375;2017-05-03 10:14:28;712;44
1376;2017-05-03 10:28:31;1938;35
1377;2017-05-03 10:28:39;1729;23
1378;2017-05-03 10:35:29;826;8
1379;2017-05-03 10:42:52;1449;44
1380;2017-05-03 11:13:24;1352;10
1381;2017-05-03 11:37:28;606;37
1382;2017-05-03 11:56:51;1969;34
1383;2017-05-03 12:22:30;894;38
1384;2017-05-03 12:41:55;1365;5
1385;2017-05-03 12:49:25;1334;26
1386;2017-05-03 13:13:14;1750;4
1387;2017-05-03 13:27:45;1808;21
1388;2017-05-03 13:36:33;1491;26
1389;2017-05-03 13:50:21;71;27
1390;2017-05-03 14:21:43;1049;25
1391;2017-05-03 14:30:41;831;5
1392;2017-05-03 14:40:57;1414;33
1393;2017-05-03 14:44:48;511;36
1394;2017-05-03 15:32:03;1204;23
1395;2017-05-03 15:39:23;652;14
1396;2017-05-03 15:48:15;1532;23
1397;2017-05-03 15:52:31;104;33
1398;2017-05-03 16:02:59;183;34
1399;2017-05-03 16:05:07;5;5
1400;2017-05-03 16:07:07;1840;16
1401;2017-05-03 16:37:58;517;46
1402;2017-05-03 16:50:58;1234;36
1403;2017-05-03 16:56:25;1481;49
1404;2017-05-03 17:02:04;899;36
1405;2017-05-03 17:14:03;1636;28
1406;2017-05-03 17:18:09;1379;27
1407;2017-05-03 17:29:35;625;32
1408;2017-05-03 18:02:27;1955;23
1409;2017-05-03 18:28:21;41;23
1410;2017-05-03 18:31:11;1007;9
1411;2017-05-03 18:35:09;928;26
1412;2017-05-03 18:38:51;1529;13
1413;2017-05-03 18:47:59;859;0
1414;2017-05-03 18:49:04;843;23
1415;2017-05-03 19:07:43;404;21
1416;2017-05-03 19:07:46;558;30
1417;2017-05-03 19:23:18;1657;0
1418;2017-05-03 19:33:43;797;4
1419;2017-05-03 19:36:26;116;7
1420;2017-05-03 19:51:01;113;1
1421;2017-05-03 20:09:43;74;29
1422;2017-05-03 20:41:46;603;41
1423;2017-05-03 21:08:40;438;22
1424;2017-05-03 21:14:13;221;39
1425;2017-05-03 21:29:42;394;1
1426;2017-05-03 21:51:43;1665;12
1427;2017-05-03 21:52:46;1421;19
1428;2017-05-03 21:54:01;408;40
1429;2017-05-03 22:05:25;150;33
1430;2017-05-03 22:50:39;2013;6
1431;2017-05-04 08:37:38;966;27
1432;2017-05-04 08:37:44;854;0
1433;2017-05-04 09:25:13;1872;34
1434;2017-05-04 10:08:45;1182;10
1435;2017-05-04 10:15:21;2009;35
1436;2017-05-04 10:16:59;839;51
1437;2017-05-04 10:27:36;1841;7
1438;2017-05-04 10:55:36;1898;10
1439;2017-05-04 10:57:12;1829;11
1440;2017-05-04 11:10:55;847;11
1441;2017-05-04 11:34:00;882;10
1442;2017-05-04 11:41:27;2049;7
1443;2017-05-04 11:51:56;1315;31
1444;2017-05-04 12:01:53;905;34
1445;2017-05-04 12:11:57;1993;0
1446;2017-05-04 12:14:48;214;21
1447;2017-05-04 12:17:47;1714;1
1448;2017-05-04 12:41:12;1027;27
1449;2017-05-04 13:24:28;702;41
1450;2017-05-04 13:43:06;519;4
1451;2017-05-04 13:53:18;248;1
1452;2017-05-04 13:57:36;219;34
1453;2017-05-04 14:33:05;1487;46
1454;2017-05-04 14:33:26;2007;12
1455;2017-05-04 14:36:18;1618;48
1456;2017-05-04 14:38:12;247;17
1457;2017-05-04 14:57:18;24;6
1458;2017-05-04 14:59:42;242;40
1459;2017-05-04 15:11:42;531;2
1460;2017-05-04 15:17:54;1140;12
1461;2017-05-04 15:53:44;952;40
1462;2017-05-04 15:56:25;1452;16
1463;2017-05-04 16:22:53;1465;17
1464;2017-05-04 16:36:15;311;13
1465;2017-05-04 16:50:18;547;40
1466;2017-05-04 17:11:59;14;46
1467;2017-05-04 17:16:51;630;13
1468;2017-05-04 17:27:10;1373;5
1469;2017-05-04 17:33:08;907;30
1470;2017-05-04 17:42:49;148;4
1471;2017-05-04 18:01:53;737;3
1472;2017-05-04 18:14:48;18;30
1473;2017-05-04 18:27:49;670;45
1474;2017-05-04 18:38:59;1320;27
1475;2017-05-04 18:42:51;1394;19
1476;2017-05-04 18:55:39;1022;23
1477;2017-05-04 19:25:58;92;21
1478;2017-05-04 19:32:14;873;14
1479;2017-05-04 19:34:18;1356;53
1480;2017-05-04 19:46:38;1650;34
1481;2017-05-04 20:04:16;672;42
1482;2017-05-04 20:05:21;807;23
1483;2017-05-04 20:30:25;1822;53
1484;2017-05-04 21:01:06;1162;4
1485;2017-05-04 21:10:41;739;25
1486;2017-05-04 21:17:04;1304;43
1487;2017-05-04 21:29:16;1180;49
1488;2017-05-04 21:47:05;1098;22
1489;2017-05-04 22:33:37;676;12
1490;2017-05-05 08:00:26;732;47
1491;2017-05-05 08:12:52;120;47
1492;2017-05-05 08:20:08;152;27
1493;2017-05-05 08:32:27;105;7
1494;2017-05-05 08:41:29;1078;27
1495;2017-05-05 09:07:05;154;10
1496;2017-05-05 09:28:37;597;34
1497;2017-05-05 09:29:32;1969;37
1498;2017-05-05 09:34:13;265;7
1499;2017-05-05 09:39:05;1178;11
1500;2017-05-05 10:01:41;515;0
1501;2017-05-05 10:08:32;1675;27
1502;2017-05-05 10:15:10;159;35
1503;2017-05-05 10:17:03;1784;47
1504;2017-05-05 10:28:16;1538;10
1505;2017-05-05 10:29:32;935;11
1506;2017-05-05 11:02:13;1884;50
1507;2017-05-05 11:23:31;687;17
1508;2017-05-05 11:28:40;463;52
1509;2017-05-05 11:38:03;633;50
1510;2017-05-05 11:50:29;1919;8
1511;2017-05-05 12:16:18;891;34
1512;2017-05-05 12:19:46;1672;3
1513;2017-05-05 12:42:13;1528;9
1514;2017-05-05 13:18:18;872;7
1515;2017-05-05 13:20:15;1008;39
1516;2017-05-05 13:34:20;1423;28
1517;2017-05-05 13:41:07;1064;46
1518;2017-05-05 13:55:43;1653;36
1519;2017-05-05 14:05:32;642;20
1520;2017-05-05 14:05:49;895;27
1521;2017-05-05 14:08:39;1051;5
1522;2017-05-05 14:31:35;744;0
1523;2017-05-05 15:01:15;1852;13
1524;2017-05-05 15:36:24;619;2
1525;2017-05-05 15:50:12;1486;22
1526;2017-05-05 16:04:18;1593;13
1527;2017-05-05 16:12:53;1985;42
1528;2017-05-05 16:30:02;549;25
1529;2017-05-05 16:43:26;1786;36
1530;2017-05-05 16:47:29;1492;26
1531;2017-05-05 16:57:12;1950;29
1532;2017-05-05 17:05:39;1733;46
1533;2017-05-05 17:08:12;1206;40
1534;2017-05-05 17:15:50;924;4
1535;2017-05-05 17:30:00;681;40
1536;2017-05-05 17:42:45;1642;49
1537;2017-05-05 17:49:15;1421;28
1538;2017-05-05 17:57:20;2092;5
1539;2017-05-05 18:10:38;1584;30
1540;2017-05-05 18:43:24;327;15
1541;2017-05-05 18:44:09;2000;16
1542;2017-05-05 18:47:33;110;49
1543;2017-05-05 18:58:50;1409;25
1544;2017-05-05 19:38:00;1801;26
1545;2017-05-05 20:16:34;1396;42
1546;2017-05-05 20:29:06;1182;16
1547;2017-05-05 20:29:11;331;27
1548;2017-05-05 21:19:52;1805;2
1549;2017-05-05 21:26:41;312;25
1550;2017-05-05 21:26:49;1858;20
1551;2017-05-05 22:14:22;816;4
1552;2017-05-05 22:20:23;443;24
1553;2017-05-05 22:48:05;1887;40
1554;2017-05-06 08:11:32;1949;44
1555;2017-05-06 08:48:32;1469;17
1556;2017-05-06 08:52:13;2099;51
1557;2017-05-06 08:56:11;1304;44
1558;2017-05-06 09:09:01;1423;51
1559;2017-05-06 09:10:02;1348;47
1560;2017-05-06 09:11:50;1924;35
1561;2017-05-06 09:14:04;1335;52
1562;2017-05-06 09:15:11;1204;52
1563;2017-05-06 09:28:15;660;34
1564;2017-05-06 09:40:23;1213;27
1565;2017-05-06 09:48:05;1084;51
1566;2017-05-06 10:07:36;1786;51
1567;2017-05-06 10:10:51;752;7
1568;2017-05-06 10:25:01;1562;53
1569;2017-05-06 10:33:47;1795;27
1570;2017-05-06 10:41:28;1154;52
1571;2017-05-06 10:48:30;1614;51
1572;2017-05-06 10:53:54;1509;7
1573;2017-05-06 10:54:29;1734;35
1574;2017-05-06 11:11:36;1866;50
1575;2017-05-06 11:19:12;108;50
1576;2017-05-06 11:19:21;1782;0
1577;2017-05-06 11:32:08;1717;50
1578;2017-05-06 11:36:26;1268;18
1579;2017-05-06 12:05:33;394;27
1580;2017-05-06 12:05:52;1877;30
1581;2017-05-06 12:09:22;1358;39
1582;2017-05-06 12:43:45;1836;45
1583;2017-05-06 13:37:24;314;24
1584;2017-05-06 13:44:48;1863;45
1585;2017-05-06 13:51:17;1512;49
1586;2017-05-06 13:58:51;2126;40
1587;2017-05-06 14:16:54;1607;11
1588;2017-05-06 14:19:35;406;16
1589;2017-05-06 14:23:59;723;19
1590;2017-05-06 15:27:11;1232;49
1591;2017-05-06 15:36:54;1641;23
1592;2017-05-06 15:44:27;2114;43
1593;2017-05-06 16:41:13;164;32
1594;2017-05-06 17:15:37;1067;9
1595;2017-05-06 17:19:56;257;2
1596;2017-05-06 17:21:03;78;40
1597;2017-05-06 17:25:26;1978;53
1598;2017-05-06 17:29:00;1146;27
1599;2017-05-06 17:41:42;1230;27
1600;2017-05-06 17:46:34;1979;1
1601;2017-05-06 17:55:26;1691;7
1602;2017-05-06 17:59:46;973;45
1603;2017-05-06 18:41:45;1870;16
1604;2017-05-06 18:43:55;1764;3
1605;2017-05-06 18:44:53;433;17
1606;2017-05-06 18:52:45;65;15
1607;2017-05-06 18:55:22;1243;53
1608;2017-05-06 18:56:45;1281;42
1609;2017-05-06 19:05:52;1125;3
1610;2017-05-06 19:06:50;343;32
1611;2017-05-06 19:13:32;391;48
1612;2017-05-06 19:17:41;1465;26
1613;2017-05-06 19:32:41;770;6
1614;2017-05-06 19:40:57;668;0
1615;2017-05-06 19:41:49;1486;38
1616;2017-05-06 19:53:58;1056;25
1617;2017-05-06 20:03:58;723;6
1618;2017-05-06 20:08:21;2180;45
1619;2017-05-06 20:08:55;14;16
1620;2017-05-06 20:56:06;1471;21
1621;2017-05-06 20:58:38;879;13
1622;2017-05-06 21:07:39;515;13
1623;2017-05-06 21:40:29;334;24
1624;2017-05-06 21:43:00;758;6
1625;2017-05-06 21:47:34;844;16
1626;2017-05-06 22:13:30;950;13
1627;2017-05-06 22:19:43;1557;20
1628;2017-05-06 22:23:46;1670;41
1629;2017-05-06 22:25:24;1023;49
1630;2017-05-06 22:49:21;2192;22
1631;2017-05-06 22:51:40;825;20
1632;2017-05-06 22:59:04;1313;36
1633;2017-05-07 08:01:07;696;8
1634;2017-05-07 09:37:50;2173;54
1635;2017-05-07 09:41:07;742;7
1636;2017-05-07 09:52:20;253;0
1637;2017-05-07 10:15:32;966;37
1638;2017-05-07 10:28:54;877;23
1639;2017-05-07 10:50:44;886;23
1640;2017-05-07 10:54:46;2228;18
1641;2017-05-07 10:55:33;879;52
1642;2017-05-07 11:02:55;1714;35
1643;2017-05-07 11:21:14;124;52
1644;2017-05-07 11:27:23;906;50
1645;2017-05-07 11:33:24;357;10
1646;2017-05-07 11:35:35;1283;10
1647;2017-05-07 12:15:30;1183;45
1648;2017-05-07 12:21:10;956;21
1649;2017-05-07 12:21:21;801;34
1650;2017-05-07 12:32:25;2013;5
1651;2017-05-07 12:44:04;2269;26
1652;2017-05-07 12:47:23;763;41
1653;2017-05-07 13:39:56;1684;25
1654;2017-05-07 13:40:48;1869;42
1655;2017-05-07 14:03:26;1530;54
1656;2017-05-07 14:10:21;1476;25
1657;2017-05-07 14:24:19;927;43
1658;2017-05-07 14:26:33;1334;38
1659;2017-05-07 14:29:47;1393;4
1660;2017-05-07 14:37:14;547;12
1661;2017-05-07 15:30:02;254;4
1662;2017-05-07 15:36:45;794;38
1663;2017-05-07 15:37:53;705;23
1664;2017-05-07 15:39:17;69;6
1665;2017-05-07 15:48:38;1758;22
1666;2017-05-07 15:56:43;1901;9
1667;2017-05-07 16:11:21;508;38
1668;2017-05-07 16:23:16;364;29
1669;2017-05-07 16:36:14;1679;19
1670;2017-05-07 16:40:58;77;5
1671;2017-05-07 17:19:38;563;26
1672;2017-05-07 17:41:56;1609;1
1673;2017-05-07 18:04:16;613;38
1674;2017-05-07 18:35:30;793;34
1675;2017-05-07 18:56:10;501;39
1676;2017-05-07 19:07:17;269;26
1677;2017-05-07 19:10:35;1885;29
1678;2017-05-07 19:10:45;1884;24
1679;2017-05-07 19:11:03;1493;3
1680;2017-05-07 19:45:04;1366;32
1681;2017-05-07 20:22:34;1580;53
1682;2017-05-07 20:41:23;1813;43
1683;2017-05-07 20:42:10;470;25
1684;2017-05-07 21:13:48;2035;4
1685;2017-05-07 21:16:27;355;43
1686;2017-05-07 21:29:48;1254;42
1687;2017-05-07 21:30:59;1092;4
1688;2017-05-07 21:37:51;788;13
1689;2017-05-07 21:49:31;2045;36
1690;2017-05-07 22:18:26;1971;20
1691;2017-05-07 22:21:23;1450;16
1692;2017-05-07 22:23:43;273;42
1693;2017-05-07 22:41:38;2126;1
1694;2017-05-08 08:00:51;153;35
1695;2017-05-08 08:03:31;1853;23
1696;2017-05-08 08:33:10;2184;44
1697;2017-05-08 08:40:59;667;7
1698;2017-05-08 09:11:28;1519;35
1699;2017-05-08 09:15:07;1490;10
1700;2017-05-08 09:40:25;162;44
1701;2017-05-08 10:00:54;378;54
1702;2017-05-08 10:33:02;1147;52
1703;2017-05-08 10:51:37;1859;57
1704;2017-05-08 11:01:25;888;23
1705;2017-05-08 11:19:05;405;50
1706;2017-05-08 11:24:39;1068;31
1707;2017-05-08 11:39:42;1784;47
1708;2017-05-08 11:42:56;2118;54
1709;2017-05-08 11:46:03;1801;23
1710;2017-05-08 11:51:18;1241;52
1711;2017-05-08 12:03:17;1022;29
1712;2017-05-08 12:15:37;328;12
1713;2017-05-08 12:20:41;70;7
1714;2017-05-08 12:37:06;1153;23
1715;2017-05-08 12:40:48;744;12
1716;2017-05-08 12:47:06;1580;9
1717;2017-05-08 13:14:57;800;17
1718;2017-05-08 13:18:37;463;0
1719;2017-05-08 13:38:25;929;13
1720;2017-05-08 13:49:10;19;22
1721;2017-05-08 14:11:04;1725;46
1722;2017-05-08 14:14:04;500;41
1723;2017-05-08 14:40:15;1798;17
1724;2017-05-08 14:52:09;1085;9
1725;2017-05-08 15:47:54;100;12
1726;2017-05-08 16:06:21;373;26
1727;2017-05-08 16:16:44;1536;6
1728;2017-05-08 16:18:56;403;0
1729;2017-05-08 16:23:37;63;6
1730;2017-05-08 16:30:19;708;9
1731;2017-05-08 16:51:22;2297;17
1732;2017-05-08 17:18:53;1543;24
1733;2017-05-08 17:24:41;965;45
1734;2017-05-08 18:01:24;1012;16
1735;2017-05-08 18:15:42;1847;19
1736;2017-05-08 18:45:22;2142;42
1737;2017-05-08 18:50:17;863;13
1738;2017-05-08 18:57:12;1074;55
1739;2017-05-08 19:01:04;1005;30
1740;2017-05-08 19:09:36;1181;2
1741;2017-05-08 19:12:33;454;39
1742;2017-05-08 19:20:09;521;0
1743;2017-05-08 19:21:54;2332;19
1744;2017-05-08 19:52:09;2000;28
1745;2017-05-08 19:55:39;1448;48
1746;2017-05-08 20:00:56;505;16
1747;2017-05-08 20:01:13;1136;41
1748;2017-05-08 20:06:11;1890;19
1749;2017-05-08 20:14:04;1656;12
1750;2017-05-08 20:34:38;437;0
1751;2017-05-08 21:00:36;171;21
1752;2017-05-08 21:16:14;1662;36
1753;2017-05-08 21:24:16;2054;40
1754;2017-05-08 21:25:06;2285;58
1755;2017-05-08 21:28:03;314;55
1756;2017-05-08 21:37:48;1973;58
1757;2017-05-08 21:43:49;1256;38
1758;2017-05-08 21:46:33;1907;1
1759;2017-05-08 22:19:28;1108;13
1760;2017-05-08 22:21:12;752;19
1761;2017-05-08 22:39:34;1529;38
1762;2017-05-08 22:46:41;974;38
1763;2017-05-08 22:48:06;901;55
1764;2017-05-08 22:56:17;930;43
1765;2017-05-09 08:07:22;480;31
1766;2017-05-09 08:18:46;2267;7
1767;2017-05-09 08:26:52;142;10
1768;2017-05-09 08:28:59;298;51
1769;2017-05-09 08:37:25;1658;0
1770;2017-05-09 08:40:51;1099;47
1771;2017-05-09 08:58:12;424;52
1772;2017-05-09 09:09:58;693;51
1773;2017-05-09 09:18:24;957;11
1774;2017-05-09 09:19:08;1302;54
1775;2017-05-09 09:58:35;1887;23
1776;2017-05-09 10:06:19;2115;8
1777;2017-05-09 10:10:37;1322;60
1778;2017-05-09 10:17:08;1332;57
1779;2017-05-09 10:17:11;2258;57
1780;2017-05-09 10:20:31;472;17
1781;2017-05-09 10:38:43;1969;35
1782;2017-05-09 10:55:25;1666;51
1783;2017-05-09 10:57:02;317;11
1784;2017-05-09 11:13:11;1609;0
1785;2017-05-09 11:18:45;356;27
1786;2017-05-09 11:23:35;1120;18
1787;2017-05-09 11:26:12;1026;52
1788;2017-05-09 11:33:18;1968;37
1789;2017-05-09 11:39:08;295;23
1790;2017-05-09 11:46:04;1045;17
1791;2017-05-09 11:49:10;1672;51
1792;2017-05-09 11:53:21;2041;52
1793;2017-05-09 12:12:30;456;34
1794;2017-05-09 12:41:47;1367;9
1795;2017-05-09 13:02:23;1832;17
1796;2017-05-09 13:05:23;1066;36
1797;2017-05-09 13:06:10;1659;28
1798;2017-05-09 13:27:53;1037;26
1799;2017-05-09 13:45:08;75;16
1800;2017-05-09 13:51:29;1556;36
1801;2017-05-09 13:59:14;1644;23
1802;2017-05-09 14:25:29;1911;30
1803;2017-05-09 14:34:36;892;30
1804;2017-05-09 14:50:59;772;42
1805;2017-05-09 14:59:10;1018;13
1806;2017-05-09 15:11:37;2306;0
1807;2017-05-09 15:17:14;162;26
1808;2017-05-09 15:32:22;1237;38
1809;2017-05-09 15:42:30;1992;30
1810;2017-05-09 15:47:24;2224;23
1811;2017-05-09 15:57:04;708;27
1812;2017-05-09 16:00:25;1199;9
1813;2017-05-09 16:06:23;527;3
1814;2017-05-09 16:16:59;189;11
1815;2017-05-09 16:23:03;708;12
1816;2017-05-09 16:35:44;34;34
1817;2017-05-09 16:51:45;567;28
1818;2017-05-09 17:16:54;359;4
1819;2017-05-09 17:20:35;1646;3
1820;2017-05-09 17:26:50;667;39
1821;2017-05-09 17:30:32;2398;28
1822;2017-05-09 17:44:30;1038;48
1823;2017-05-09 17:44:52;2235;40
1824;2017-05-09 17:48:47;1741;40
1825;2017-05-09 17:58:17;861;9
1826;2017-05-09 18:05:08;970;21
1827;2017-05-09 18:10:22;1172;61
1828;2017-05-09 18:15:09;1924;13
1829;2017-05-09 18:16:33;878;23
1830;2017-05-09 18:24:26;1994;17
1831;2017-05-09 18:34:32;1158;43
1832;2017-05-09 18:52:46;482;57
1833;2017-05-09 19:50:42;2012;26
1834;2017-05-09 19:56:38;1932;12
1835;2017-05-09 20:00:06;315;33
1836;2017-05-09 20:04:08;1757;12
1837;2017-05-09 20:17:55;340;4
1838;2017-05-09 20:26:46;158;29
1839;2017-05-09 20:32:43;433;13
1840;2017-05-09 20:32:59;239;54
1841;2017-05-09 20:33:11;2029;43
1842;2017-05-09 21:04:29;1245;20
1843;2017-05-09 21:04:38;1633;49
1844;2017-05-09 21:27:48;2157;13
1845;2017-05-09 21:28:32;895;13
1846;2017-05-09 21:49:02;1300;21
1847;2017-05-09 21:50:15;1490;20
1848;2017-05-09 22:03:31;325;16
1849;2017-05-09 22:16:36;2223;58
1850;2017-05-09 22:33:38;914;58
1851;2017-05-09 22:41:34;1737;15
1852;2017-05-10 08:09:11;1125;11
1853;2017-05-10 08:11:44;2078;44
1854;2017-05-10 08:16:52;923;44
1855;2017-05-10 08:18:28;103;23
1856;2017-05-10 08:34:15;1056;11
1857;2017-05-10 08:48:24;2054;0
1858;2017-05-10 08:58:33;1070;18
1859;2017-05-10 09:02:21;2050;54
1860;2017-05-10 09:02:25;1767;27
1861;2017-05-10 09:03:28;1600;50
1862;2017-05-10 09:06:25;69;57
1863;2017-05-10 09:11:42;684;62
1864;2017-05-10 09:36:16;1457;10
1865;2017-05-10 09:48:54;718;11
1866;2017-05-10 10:01:42;324;53
1867;2017-05-10 10:02:44;1494;63
1868;2017-05-10 10:23:46;1617;7
1869;2017-05-10 11:01:32;1070;31
1870;2017-05-10 11:15:57;665;63
1871;2017-05-10 11:22:05;912;52
1872;2017-05-10 11:34:27;1438;37
1873;2017-05-10 11:49:25;684;27
1874;2017-05-10 11:56:19;1522;53
1875;2017-05-10 12:08:11;1467;27
1876;2017-05-10 12:09:44;784;33
1877;2017-05-10 12:44:23;602;0
1878;2017-05-10 12:50:01;1514;54
1879;2017-05-10 12:51:09;2301;5
1880;2017-05-10 13:04:07;2234;33
1881;2017-05-10 13:10:40;29;28
1882;2017-05-10 13:22:53;2142;53
1883;2017-05-10 13:23:51;1504;33
1884;2017-05-10 13:27:14;1496;58
1885;2017-05-10 13:50:54;244;23
1886;2017-05-10 14:12:03;1463;4
1887;2017-05-10 14:15:25;893;46
1888;2017-05-10 14:18:12;1900;48
1889;2017-05-10 14:22:03;1191;55
1890;2017-05-10 14:22:18;2301;3
1891;2017-05-10 14:50:23;147;29
1892;2017-05-10 14:52:06;1316;25
1893;2017-05-10 14:52:57;228;46
1894;2017-05-10 14:55:14;1662;11
1895;2017-05-10 15:01:18;1561;14
1896;2017-05-10 15:13:31;1825;0
1897;2017-05-10 15:19:23;1280;13
1898;2017-05-10 15:45:19;105;56
1899;2017-05-10 15:47:10;261;48
1900;2017-05-10 15:59:15;563;43
1901;2017-05-10 16:04:29;502;25
1902;2017-05-10 16:17:12;2260;29
1903;2017-05-10 16:21:20;1808;45
1904;2017-05-10 16:32:24;792;32
1905;2017-05-10 17:14:56;567;2
1906;2017-05-10 17:23:24;366;49
1907;2017-05-10 17:23:39;1515;27
1908;2017-05-10 17:28:32;1050;22
1909;2017-05-10 17:37:28;809;55
1910;2017-05-10 17:41:27;606;58
1911;2017-05-10 17:46:32;1636;24
1912;2017-05-10 17:49:16;1465;53
1913;2017-05-10 17:50:39;1360;13
1914;2017-05-10 18:08:23;1037;27
1915;2017-05-10 18:09:26;1216;25
1916;2017-05-10 18:12:46;203;16
1917;2017-05-10 18:21:27;279;41
1918;2017-05-10 18:22:03;513;6
1919;2017-05-10 18:28:00;1807;4
1920;2017-05-10 18:55:38;1422;26
1921;2017-05-10 19:02:50;1402;4
1922;2017-05-10 19:26:31;1731;43
1923;2017-05-10 19:35:12;764;13
1924;2017-05-10 19:53:03;2435;22
1925;2017-05-10 20:06:27;1245;45
1926;2017-05-10 20:33:35;396;22
1927;2017-05-10 20:42:48;1344;27
1928;2017-05-10 20:51:20;642;36
1929;2017-05-10 21:02:26;1503;19
1930;2017-05-10 21:04:01;476;20
1931;2017-05-10 21:09:29;416;55
1932;2017-05-10 21:24:25;2096;30
1933;2017-05-10 21:36:24;1483;13
1934;2017-05-10 21:40:08;185;22
1935;2017-05-10 21:49:17;1872;64
1936;2017-05-10 21:54:10;1575;43
1937;2017-05-10 21:55:31;1801;43
1938;2017-05-10 22:07:44;562;38
1939;2017-05-10 22:26:43;1026;1
1940;2017-05-10 22:33:05;1443;13
1941;2017-05-10 22:49:42;2051;24
1942;2017-05-11 08:20:50;2123;63
1943;2017-05-11 08:42:21;2371;0
1944;2017-05-11 09:04:52;293;47
1945;2017-05-11 09:16:35;228;59
1946;2017-05-11 09:18:49;342;63
1947;2017-05-11 09:22:08;2462;8
1948;2017-05-11 09:25:58;1347;50
1949;2017-05-11 10:14:05;2237;59
1950;2017-05-11 10:16:12;361;53
1951;2017-05-11 10:17:36;1206;34
1952;2017-05-11 10:49:45;126;7
1953;2017-05-11 10:50:16;2426;17
1954;2017-05-11 10:58:05;1807;27
1955;2017-05-11 11:02:57;1859;51
1956;2017-05-11 11:09:09;185;35
1957;2017-05-11 11:13:51;1968;52
1958;2017-05-11 11:22:11;2289;31
1959;2017-05-11 11:24:06;569;44
1960;2017-05-11 11:27:29;1394;60
1961;2017-05-11 12:14:46;2366;30
1962;2017-05-11 12:24:30;2277;26
1963;2017-05-11 12:25:18;684;0
1964;2017-05-11 12:37:30;966;27
1965;2017-05-11 12:54:26;223;34
1966;2017-05-11 13:22:34;1041;62
1967;2017-05-11 13:24:06;1883;23
1968;2017-05-11 14:35:18;23;26
1969;2017-05-11 14:37:28;2123;49
1970;2017-05-11 14:44:15;243;0
1971;2017-05-11 14:54:36;383;64
1972;2017-05-11 15:05:57;1182;5
1973;2017-05-11 15:11:25;217;42
1974;2017-05-11 15:14:58;1159;6
1975;2017-05-11 15:16:38;1818;28
1976;2017-05-11 15:18:25;652;28
1977;2017-05-11 15:33:17;2311;38
1978;2017-05-11 15:36:08;2241;32
1979;2017-05-11 16:04:14;1712;58
1980;2017-05-11 16:05:46;1875;12
1981;2017-05-11 16:18:46;2395;30
1982;2017-05-11 16:36:46;1138;45
1983;2017-05-11 16:38:50;1674;1
1984;2017-05-11 16:42:56;1784;56
1985;2017-05-11 16:57:10;1283;6
1986;2017-05-11 17:04:39;61;2
1987;2017-05-11 17:11:30;2466;49
1988;2017-05-11 17:14:52;2150;7
1989;2017-05-11 17:22:07;2350;24
1990;2017-05-11 17:31:55;1845;34
1991;2017-05-11 17:35:37;317;28
1992;2017-05-11 17:43:46;2441;30
1993;2017-05-11 17:46:51;1306;26
1994;2017-05-11 18:01:26;848;9
1995;2017-05-11 18:08:24;2070;54
1996;2017-05-11 18:12:58;1105;40
1997;2017-05-11 18:37:48;1114;22
1998;2017-05-11 18:43:56;2076;19
1999;2017-05-11 18:49:02;1334;42
